Modelo_Classificacao,Acurácia,Precisão,Recall,F1,AUC
Random Forest,0.9242819843342036,0.9382022471910112,0.9794721407624634,0.9583931133428981,0.9420297444490993
XGBoost,0.9686684073107049,0.9754335260115607,0.9897360703812317,0.982532751091703,0.987781036168133
Logistic Regression,0.8864229765013055,1.0,0.8724340175953079,0.9318715740015662,0.9954615277195923
