Modelo_Precipitacao,MAE,RMSE,R2
Random Forest,6.739908616187994,14.331487742969781,0.9824152213486773
XGBoost,5.7330953311437725,12.222268098680749,0.9872103704746237
Gradient Boosting,7.5532944318276165,12.084912879510256,0.9874962177872517
